Date,total_record
2010/01/01,3455
2010/01/02,333
2010/01/03,0
2010/01/04,0
2010/01/05,504
2010/01/06,648
2010/01/07,500
2010/01/08,445
2010/01/09,790
2010/01/10,3
2010/01/11,0
2010/01/12,1009
2010/01/13,672
2010/01/14,607
2010/01/15,635
2010/01/16,796
2010/01/17,0
2010/01/18,5
2010/01/19,1127
2010/01/20,559
2010/01/21,647
2010/01/22,960
2010/01/23,609
2010/01/24,0
2010/01/25,2
2010/01/26,1005
2010/01/27,634
2010/01/28,766
2010/01/29,701
2010/01/30,966
2010/01/31,0
2010/02/01,123
2010/02/02,1212
2010/02/03,125
2010/02/04,1415
2010/02/05,940
2010/02/06,826
2010/02/07,1
2010/02/08,0
2010/02/09,1203
2010/02/10,628
2010/02/11,610
2010/02/12,406
2010/02/13,703
2010/02/14,0
2010/02/15,0
2010/02/16,911
2010/02/17,477
2010/02/18,914
2010/02/19,638
2010/02/20,667
2010/02/21,0
2010/02/22,1
2010/02/23,1137
2010/02/24,550
2010/02/25,482
2010/02/26,685
2010/02/27,909
2010/02/28,2
2010/03/01,320
2010/03/02,1089
2010/03/03,1027
2010/03/04,505
2010/03/05,589
2010/03/06,875
2010/03/07,0
2010/03/08,2
2010/03/09,886
2010/03/10,893
2010/03/11,786
2010/03/12,834
2010/03/13,759
2010/03/14,0
2010/03/15,3
2010/03/16,1
2010/03/17,1680
2010/03/18,489
2010/03/19,0
2010/03/20,1466
2010/03/21,1
2010/03/22,1
2010/03/23,1099
2010/03/24,745
2010/03/25,634
2010/03/26,570
2010/03/27,777
2010/03/28,0
2010/03/29,1
2010/03/30,1107
2010/03/31,735
2010/04/01,895
2010/04/02,603
2010/04/03,570
2010/04/04,0
2010/04/05,0
2010/04/06,0
2010/04/07,1338
2010/04/08,793
2010/04/09,805
2010/04/10,682
2010/04/11,3
2010/04/12,2
2010/04/13,924
2010/04/14,808
2010/04/15,760
2010/04/16,557
2010/04/17,614
2010/04/18,0
2010/04/19,1
2010/04/20,1062
2010/04/21,825
2010/04/22,575
2010/04/23,710
2010/04/24,854
2010/04/25,0
2010/04/26,2
2010/04/27,1067
2010/04/28,635
2010/04/29,857
2010/04/30,679
2010/05/01,935
2010/05/02,0
2010/05/03,1
2010/05/04,1095
2010/05/05,709
2010/05/06,412
2010/05/07,660
2010/05/08,701
2010/05/09,0
2010/05/10,0
2010/05/11,1244
2010/05/12,801
2010/05/13,772
2010/05/14,754
2010/05/15,770
2010/05/16,0
2010/05/17,1
2010/05/18,1117
2010/05/19,771
2010/05/20,62
2010/05/21,983
2010/05/22,957
2010/05/23,0
2010/05/24,1
2010/05/25,1194
2010/05/26,751
2010/05/27,914
2010/05/28,672
2010/05/29,581
2010/05/30,0
2010/05/31,0
2010/06/01,1148
2010/06/02,389
2010/06/03,744
2010/06/04,742
2010/06/05,619
2010/06/06,0
2010/06/07,1
2010/06/08,376
2010/06/09,238
2010/06/10,1278
2010/06/11,641
2010/06/12,1017
2010/06/13,0
2010/06/14,2
2010/06/15,1088
2010/06/16,1012
2010/06/17,604
2010/06/18,831
2010/06/19,754
2010/06/20,0
2010/06/21,0
2010/06/22,1031
2010/06/23,661
2010/06/24,888
2010/06/25,620
2010/06/26,630
2010/06/27,0
2010/06/28,0
2010/06/29,1114
2010/06/30,664
2010/07/01,1157
2010/07/02,755
2010/07/03,754
2010/07/04,0
2010/07/05,1
2010/07/06,1292
2010/07/07,328
2010/07/08,767
2010/07/09,1076
2010/07/10,702
2010/07/11,0
2010/07/12,0
2010/07/13,1
2010/07/14,2088
2010/07/15,0
2010/07/16,1666
2010/07/17,709
2010/07/18,0
2010/07/19,1
2010/07/20,1281
2010/07/21,772
2010/07/22,815
2010/07/23,24
2010/07/24,814
2010/07/25,0
2010/07/26,1
2010/07/27,1220
2010/07/28,836
2010/07/29,890
2010/07/30,712
2010/07/31,608
2010/08/01,230
2010/08/02,1
2010/08/03,1177
2010/08/04,699
2010/08/05,728
2010/08/06,708
2010/08/07,781
2010/08/08,0
2010/08/09,0
2010/08/10,1007
2010/08/11,671
2010/08/12,530
2010/08/13,645
2010/08/14,587
2010/08/15,0
2010/08/16,4
2010/08/17,883
2010/08/18,696
2010/08/19,567
2010/08/20,823
2010/08/21,786
2010/08/22,0
2010/08/23,4
2010/08/24,1055
2010/08/25,682
2010/08/26,680
2010/08/27,660
2010/08/28,712
2010/08/29,0
2010/08/30,8
2010/08/31,864
2010/09/01,299
2010/09/02,644
2010/09/03,1360
2010/09/04,663
2010/09/05,5
2010/09/06,0
2010/09/07,0
2010/09/08,1375
2010/09/09,708
2010/09/10,717
2010/09/11,560
2010/09/12,0
2010/09/13,0
2010/09/14,949
2010/09/15,734
2010/09/16,680
2010/09/17,663
2010/09/18,936
2010/09/19,0
2010/09/20,1
2010/09/21,1211
2010/09/22,815
2010/09/23,615
2010/09/24,615
2010/09/25,740
2010/09/26,0
2010/09/27,1
2010/09/28,1002
2010/09/29,107
2010/09/30,1116
2010/10/01,1166
2010/10/02,0
2010/10/03,0
2010/10/04,3
2010/10/05,1869
2010/10/06,845
2010/10/07,520
2010/10/08,0
2010/10/09,0
2010/10/10,0
2010/10/11,4
2010/10/12,2306
2010/10/13,610
2010/10/14,511
2010/10/15,855
2010/10/16,901
2010/10/17,0
2010/10/18,0
2010/10/19,999
2010/10/20,923
2010/10/21,527
2010/10/22,711
2010/10/23,930
2010/10/24,0
2010/10/25,1
2010/10/26,933
2010/10/27,849
2010/10/28,555
2010/10/29,629
2010/10/30,688
2010/10/31,0
2010/11/01,126
2010/11/02,0
2010/11/03,2262
2010/11/04,695
2010/11/05,602
2010/11/06,782
2010/11/07,0
2010/11/08,1
2010/11/09,1161
2010/11/10,607
2010/11/11,643
2010/11/12,630
2010/11/13,691
2010/11/14,0
2010/11/15,0
2010/11/16,1009
2010/11/17,743
2010/11/18,354
2010/11/19,757
2010/11/20,171
2010/11/21,0
2010/11/22,1
2010/11/23,525
2010/11/24,1
2010/11/25,0
2010/11/26,3733
2010/11/27,498
2010/11/28,0
2010/11/29,0
2010/11/30,757
2010/12/01,1075
2010/12/02,842
2010/12/03,1060
2010/12/04,546
2010/12/05,3
2010/12/06,1
2010/12/07,1045
2010/12/08,781
2010/12/09,738
2010/12/10,0
2010/12/11,2
2010/12/12,0
2010/12/13,1
2010/12/14,8
2010/12/15,3053
2010/12/16,568
2010/12/17,965
2010/12/18,861
2010/12/19,0
2010/12/20,4
2010/12/21,1160
2010/12/22,742
2010/12/23,53
2010/12/24,1238
2010/12/25,962
2010/12/26,0
2010/12/27,0
2010/12/28,443
2010/12/29,520
2010/12/30,111
2010/12/31,582
2011/01/01,3117
2011/01/02,0
2011/01/03,0
2011/01/04,0
2011/01/05,2138
2011/01/06,669
2011/01/07,642
2011/01/08,714
2011/01/09,0
2011/01/10,0
2011/01/11,1044
2011/01/12,816
2011/01/13,763
2011/01/14,735
2011/01/15,719
2011/01/16,3
2011/01/17,1
2011/01/18,1012
2011/01/19,651
2011/01/20,644
2011/01/21,689
2011/01/22,965
2011/01/23,0
2011/01/24,3
2011/01/25,1233
2011/01/26,823
2011/01/27,572
2011/01/28,75
2011/01/29,1470
2011/01/30,0
2011/01/31,3
2011/02/01,1322
2011/02/02,774
2011/02/03,685
2011/02/04,616
2011/02/05,744
2011/02/06,0
2011/02/07,0
2011/02/08,1148
2011/02/09,776
2011/02/10,749
2011/02/11,682
2011/02/12,796
2011/02/13,0
2011/02/14,0
2011/02/15,1233
2011/02/16,629
2011/02/17,85
2011/02/18,1270
2011/02/19,714
2011/02/20,3
2011/02/21,0
2011/02/22,1300
2011/02/23,793
2011/02/24,658
2011/02/25,816
2011/02/26,829
2011/02/27,0
2011/02/28,1
2011/03/01,1165
2011/03/02,1235
2011/03/03,784
2011/03/04,838
2011/03/05,816
2011/03/06,0
2011/03/07,0
2011/03/08,1062
2011/03/09,734
2011/03/10,517
2011/03/11,710
2011/03/12,742
2011/03/13,0
2011/03/14,1
2011/03/15,1129
2011/03/16,883
2011/03/17,651
2011/03/18,829
2011/03/19,750
2011/03/20,1
2011/03/21,1
2011/03/22,31
2011/03/23,2032
2011/03/24,552
2011/03/25,1045
2011/03/26,940
2011/03/27,1
2011/03/28,3
2011/03/29,1227
2011/03/30,634
2011/03/31,635
2011/04/01,1094
2011/04/02,846
2011/04/03,0
2011/04/04,0
2011/04/05,1360
2011/04/06,792
2011/04/07,781
2011/04/08,803
2011/04/09,622
2011/04/10,0
2011/04/11,1
2011/04/12,879
2011/04/13,1090
2011/04/14,680
2011/04/15,685
2011/04/16,871
2011/04/17,0
2011/04/18,0
2011/04/19,1209
2011/04/20,767
2011/04/21,476
2011/04/22,940
2011/04/23,645
2011/04/24,0
2011/04/25,0
2011/04/26,808
2011/04/27,847
2011/04/28,448
2011/04/29,646
2011/04/30,447
2011/05/01,164
2011/05/02,0
2011/05/03,1222
2011/05/04,1011
2011/05/05,640
2011/05/06,634
2011/05/07,758
2011/05/08,0
2011/05/09,0
2011/05/10,1071
2011/05/11,847
2011/05/12,560
2011/05/13,711
2011/05/14,813
2011/05/15,11
2011/05/16,10
2011/05/17,1392
2011/05/18,897
2011/05/19,688
2011/05/20,761
2011/05/21,747
2011/05/22,0
2011/05/23,0
2011/05/24,1249
2011/05/25,862
2011/05/26,575
2011/05/27,646
2011/05/28,968
2011/05/29,0
2011/05/30,1
2011/05/31,1165
2011/06/01,1158
2011/06/02,833
2011/06/03,760
2011/06/04,683
2011/06/05,8
2011/06/06,0
2011/06/07,1016
2011/06/08,793
2011/06/09,204
2011/06/10,1200
2011/06/11,780
2011/06/12,0
2011/06/13,0
2011/06/14,1
2011/06/15,1845
2011/06/16,747
2011/06/17,923
2011/06/18,855
2011/06/19,0
2011/06/20,0
2011/06/21,1151
2011/06/22,782
2011/06/23,680
2011/06/24,724
2011/06/25,1
2011/06/26,1
2011/06/27,1
2011/06/28,1883
2011/06/29,763
2011/06/30,622
2011/07/01,1114
2011/07/02,896
2011/07/03,0
2011/07/04,0
2011/07/05,1099
2011/07/06,449
2011/07/07,819
2011/07/08,832
2011/07/09,1017
2011/07/10,0
2011/07/11,0
2011/07/12,1084
2011/07/13,753
2011/07/14,597
2011/07/15,686
2011/07/16,906
2011/07/17,0
2011/07/18,2
2011/07/19,1111
2011/07/20,760
2011/07/21,663
2011/07/22,487
2011/07/23,896
2011/07/24,1
2011/07/25,0
2011/07/26,1253
2011/07/27,783
2011/07/28,810
2011/07/29,740
2011/07/30,793
2011/07/31,0
2011/08/01,158
2011/08/02,1222
2011/08/03,714
2011/08/04,772
2011/08/05,705
2011/08/06,713
2011/08/07,0
2011/08/08,0
2011/08/09,1059
2011/08/10,743
2011/08/11,707
2011/08/12,1
2011/08/13,1447
2011/08/14,0
2011/08/15,1
2011/08/16,1078
2011/08/17,700
2011/08/18,1
2011/08/19,1082
2011/08/20,565
2011/08/21,0
2011/08/22,1
2011/08/23,1178
2011/08/24,559
2011/08/25,526
2011/08/26,743
2011/08/27,589
2011/08/28,0
2011/08/29,0
2011/08/30,1040
2011/08/31,659
2011/09/01,829
2011/09/02,745
2011/09/03,1184
2011/09/04,0
2011/09/05,7
2011/09/06,961
2011/09/07,447
2011/09/08,865
2011/09/09,748
2011/09/10,746
2011/09/11,0
2011/09/12,0
2011/09/13,1225
2011/09/14,832
2011/09/15,641
2011/09/16,854
2011/09/17,864
2011/09/18,0
2011/09/19,1
2011/09/20,1140
2011/09/21,747
2011/09/22,763
2011/09/23,554
2011/09/24,657
2011/09/25,0
2011/09/26,2
2011/09/27,3
2011/09/28,22
2011/09/29,2818
2011/09/30,6
2011/10/01,1832
2011/10/02,1
2011/10/03,0
2011/10/04,1269
2011/10/05,819
2011/10/06,547
2011/10/07,774
2011/10/08,628
2011/10/09,0
2011/10/10,0
2011/10/11,1007
2011/10/12,690
2011/10/13,663
2011/10/14,766
2011/10/15,861
2011/10/16,0
2011/10/17,0
2011/10/18,1034
2011/10/19,865
2011/10/20,590
2011/10/21,655
2011/10/22,774
2011/10/23,0
2011/10/24,1
2011/10/25,1378
2011/10/26,832
2011/10/27,668
2011/10/28,689
2011/10/29,592
2011/10/30,0
2011/10/31,4
2011/11/01,1340
2011/11/02,1102
2011/11/03,794
2011/11/04,552
2011/11/05,823
2011/11/06,0
2011/11/07,2
2011/11/08,1036
2011/11/09,707
2011/11/10,771
2011/11/11,759
2011/11/12,117
2011/11/13,0
2011/11/14,0
2011/11/15,1821
2011/11/16,677
2011/11/17,640
2011/11/18,817
2011/11/19,1213
2011/11/20,0
2011/11/21,2
2011/11/22,1397
2011/11/23,743
2011/11/24,922
2011/11/25,751
2011/11/26,590
2011/11/27,0
2011/11/28,0
2011/11/29,1077
2011/11/30,896
2011/12/01,859
2011/12/02,802
2011/12/03,817
2011/12/04,0
2011/12/05,4
2011/12/06,1121
2011/12/07,959
2011/12/08,688
2011/12/09,0
2011/12/10,2
2011/12/11,0
2011/12/12,5
2011/12/13,3
2011/12/14,3546
2011/12/15,845
2011/12/16,786
2011/12/17,959
2011/12/18,0
2011/12/19,3
2011/12/20,1230
2011/12/21,752
2011/12/22,723
2011/12/23,888
2011/12/24,928
2011/12/25,1
2011/12/26,1
2011/12/27,956
2011/12/28,225
2011/12/29,550
2011/12/30,552
2011/12/31,356
2012/01/01,2674
2012/01/02,14
2012/01/03,700
2012/01/04,630
2012/01/05,546
2012/01/06,775
2012/01/07,0
2012/01/08,0
2012/01/09,5
2012/01/10,1772
2012/01/11,861
2012/01/12,683
2012/01/13,832
2012/01/14,807
2012/01/15,6
2012/01/16,1
2012/01/17,1242
2012/01/18,602
2012/01/19,1167
2012/01/20,746
2012/01/21,768
2012/01/22,2
2012/01/23,1
2012/01/24,1115
2012/01/25,867
2012/01/26,689
2012/01/27,759
2012/01/28,613
2012/01/29,0
2012/01/30,4
2012/01/31,1184
2012/02/01,1108
2012/02/02,747
2012/02/03,755
2012/02/04,971
2012/02/05,3
2012/02/06,5
2012/02/07,1086
2012/02/08,0
2012/02/09,1701
2012/02/10,855
2012/02/11,883
2012/02/12,3
2012/02/13,1
2012/02/14,1128
2012/02/15,796
2012/02/16,641
2012/02/17,2
2012/02/18,977
2012/02/19,0
2012/02/20,5
2012/02/21,0
2012/02/22,3000
2012/02/23,839
2012/02/24,734
2012/02/25,3
2012/02/26,0
2012/02/27,1
2012/02/28,1
2012/02/29,1
2012/03/01,3871
2012/03/02,706
2012/03/03,1053
2012/03/04,0
2012/03/05,10
2012/03/06,1066
2012/03/07,794
2012/03/08,709
2012/03/09,749
2012/03/10,652
2012/03/11,0
2012/03/12,0
2012/03/13,1153
2012/03/14,953
2012/03/15,723
2012/03/16,705
2012/03/17,785
2012/03/18,0
2012/03/19,0
2012/03/20,1105
2012/03/21,925
2012/03/22,576
2012/03/23,770
2012/03/24,844
2012/03/25,5
2012/03/26,1
2012/03/27,1099
2012/03/28,903
2012/03/29,596
2012/03/30,633
2012/03/31,964
2012/04/01,410
2012/04/02,1
2012/04/03,1314
2012/04/04,542
2012/04/05,852
2012/04/06,801
2012/04/07,524
2012/04/08,0
2012/04/09,0
2012/04/10,759
2012/04/11,805
2012/04/12,1134
2012/04/13,749
2012/04/14,771
2012/04/15,2
2012/04/16,0
2012/04/17,1070
2012/04/18,811
2012/04/19,569
2012/04/20,582
2012/04/21,836
2012/04/22,1
2012/04/23,1
2012/04/24,1196
2012/04/25,1616
2012/04/26,587
2012/04/27,844
2012/04/28,774
2012/04/29,0
2012/04/30,1
2012/05/01,1271
2012/05/02,789
2012/05/03,561
2012/05/04,669
2012/05/05,805
2012/05/06,0
2012/05/07,0
2012/05/08,2
2012/05/09,1986
2012/05/10,766
2012/05/11,849
2012/05/12,792
2012/05/13,0
2012/05/14,4
2012/05/15,1108
2012/05/16,847
2012/05/17,603
2012/05/18,695
2012/05/19,817
2012/05/20,0
2012/05/21,0
2012/05/22,2
2012/05/23,2132
2012/05/24,649
2012/05/25,859
2012/05/26,855
2012/05/27,0
2012/05/28,0
2012/05/29,1241
2012/05/30,467
2012/05/31,762
2012/06/01,1278
2012/06/02,993
2012/06/03,0
2012/06/04,1
2012/06/05,1062
2012/06/06,843
2012/06/07,517
2012/06/08,1125
2012/06/09,763
2012/06/10,4
2012/06/11,3
2012/06/12,1118
2012/06/13,984
2012/06/14,654
2012/06/15,654
2012/06/16,1038
2012/06/17,0
2012/06/18,2
2012/06/19,1267
2012/06/20,910
2012/06/21,642
2012/06/22,1003
2012/06/23,772
2012/06/24,2
2012/06/25,3
2012/06/26,1326
2012/06/27,741
2012/06/28,726
2012/06/29,838
2012/06/30,890
2012/07/01,468
2012/07/02,1
2012/07/03,2
2012/07/04,1838
2012/07/05,906
2012/07/06,480
2012/07/07,766
2012/07/08,1
2012/07/09,0
2012/07/10,1082
2012/07/11,978
2012/07/12,817
2012/07/13,835
2012/07/14,986
2012/07/15,9
2012/07/16,0
2012/07/17,1083
2012/07/18,835
2012/07/19,994
2012/07/20,754
2012/07/21,795
2012/07/22,0
2012/07/23,2
2012/07/24,1243
2012/07/25,897
2012/07/26,653
2012/07/27,683
2012/07/28,884
2012/07/29,0
2012/07/30,2
2012/07/31,1354
2012/08/01,1075
2012/08/02,651
2012/08/03,654
2012/08/04,813
2012/08/05,3
2012/08/06,2
2012/08/07,895
2012/08/08,807
2012/08/09,548
2012/08/10,700
2012/08/11,812
2012/08/12,2
2012/08/13,0
2012/08/14,1678
2012/08/15,674
2012/08/16,578
2012/08/17,586
2012/08/18,804
2012/08/19,1
2012/08/20,6
2012/08/21,1048
2012/08/22,593
2012/08/23,817
2012/08/24,792
2012/08/25,730
2012/08/26,0
2012/08/27,3
2012/08/28,1039
2012/08/29,965
2012/08/30,525
2012/08/31,822
2012/09/01,1017
2012/09/02,0
2012/09/03,0
2012/09/04,1181
2012/09/05,604
2012/09/06,808
2012/09/07,827
2012/09/08,849
2012/09/09,0
2012/09/10,1
2012/09/11,1144
2012/09/12,868
2012/09/13,754
2012/09/14,837
2012/09/15,938
2012/09/16,0
2012/09/17,1
2012/09/18,1419
2012/09/19,864
2012/09/20,719
2012/09/21,501
2012/09/22,961
2012/09/23,0
2012/09/24,0
2012/09/25,1201
2012/09/26,791
2012/09/27,801
2012/09/28,582
2012/09/29,747
2012/09/30,4
2012/10/01,323
2012/10/02,1269
2012/10/03,1121
2012/10/04,810
2012/10/05,387
2012/10/06,659
2012/10/07,0
2012/10/08,1
2012/10/09,978
2012/10/10,594
2012/10/11,939
2012/10/12,1557
2012/10/13,684
2012/10/14,0
2012/10/15,0
2012/10/16,1300
2012/10/17,1025
2012/10/18,553
2012/10/19,696
2012/10/20,818
2012/10/21,0
2012/10/22,0
2012/10/23,1274
2012/10/24,874
2012/10/25,713
2012/10/26,771
2012/10/27,700
2012/10/28,0
2012/10/29,1
2012/10/30,1028
2012/10/31,959
2012/11/01,856
2012/11/02,662
2012/11/03,804
2012/11/04,0
2012/11/05,4
2012/11/06,1114
2012/11/07,975
2012/11/08,699
2012/11/09,642
2012/11/10,713
2012/11/11,0
2012/11/12,0
2012/11/13,1325
2012/11/14,729
2012/11/15,610
2012/11/16,560
2012/11/17,654
2012/11/18,0
2012/11/19,0
2012/11/20,1649
2012/11/21,947
2012/11/22,758
2012/11/23,525
2012/11/24,612
2012/11/25,1
2012/11/26,0
2012/11/27,0
2012/11/28,2392
2012/11/29,684
2012/11/30,657
2012/12/01,1299
2012/12/02,0
2012/12/03,3
2012/12/04,1439
2012/12/05,1211
2012/12/06,735
2012/12/07,0
2012/12/08,3
2012/12/09,0
2012/12/10,1
2012/12/11,4
2012/12/12,3843
2012/12/13,746
2012/12/14,579
2012/12/15,891
2012/12/16,3
2012/12/17,1
2012/12/18,846
2012/12/19,1141
2012/12/20,705
2012/12/21,1000
2012/12/22,677
2012/12/23,0
2012/12/24,0
2012/12/25,1214
2012/12/26,596
2012/12/27,255
2012/12/28,361
2012/12/29,557
2012/12/30,0
2012/12/31,6
2013/01/01,3551
2013/01/02,498
2013/01/03,856
2013/01/04,814
2013/01/05,756
2013/01/06,0
2013/01/07,0
2013/01/08,1207
2013/01/09,901
2013/01/10,902
2013/01/11,949
2013/01/12,885
2013/01/13,0
2013/01/14,0
2013/01/15,1326
2013/01/16,909
2013/01/17,672
2013/01/18,911
2013/01/19,860
2013/01/20,0
2013/01/21,1
2013/01/22,1419
2013/01/23,687
2013/01/24,741
2013/01/25,917
2013/01/26,869
2013/01/27,0
2013/01/28,0
2013/01/29,1244
2013/01/30,887
2013/01/31,546
2013/02/01,1171
2013/02/02,1144
2013/02/03,0
2013/02/04,1
2013/02/05,1450
2013/02/06,1068
2013/02/07,755
2013/02/08,725
2013/02/09,754
2013/02/10,0
2013/02/11,2
2013/02/12,935
2013/02/13,1016
2013/02/14,897
2013/02/15,997
2013/02/16,934
2013/02/17,0
2013/02/18,0
2013/02/19,1223
2013/02/20,534
2013/02/21,833
2013/02/22,584
2013/02/23,1062
2013/02/24,0
2013/02/25,8
2013/02/26,1450
2013/02/27,913
2013/02/28,706
2013/03/01,967
2013/03/02,866
2013/03/03,0
2013/03/04,1
2013/03/05,1444
2013/03/06,767
2013/03/07,684
2013/03/08,1239
2013/03/09,665
2013/03/10,0
2013/03/11,1
2013/03/12,917
2013/03/13,642
2013/03/14,904
2013/03/15,780
2013/03/16,1112
2013/03/17,0
2013/03/18,9
2013/03/19,1805
2013/03/20,885
2013/03/21,708
2013/03/22,829
2013/03/23,895
2013/03/24,0
2013/03/25,5
2013/03/26,1591
2013/03/27,724
2013/03/28,869
2013/03/29,653
2013/03/30,759
2013/03/31,8
2013/04/01,281
2013/04/02,1067
2013/04/03,666
2013/04/04,766
2013/04/05,1340
2013/04/06,921
2013/04/07,0
2013/04/08,0
2013/04/09,1258
2013/04/10,946
2013/04/11,726
2013/04/12,879
2013/04/13,745
2013/04/14,0
2013/04/15,3
2013/04/16,1190
2013/04/17,796
2013/04/18,958
2013/04/19,720
2013/04/20,706
2013/04/21,1
2013/04/22,4
2013/04/23,1539
2013/04/24,760
2013/04/25,842
2013/04/26,631
2013/04/27,948
2013/04/28,3
2013/04/29,3
2013/04/30,1472
2013/05/01,969
2013/05/02,761
2013/05/03,988
2013/05/04,691
2013/05/05,5
2013/05/06,3
2013/05/07,1224
2013/05/08,902
2013/05/09,784
2013/05/10,705
2013/05/11,754
2013/05/12,0
2013/05/13,0
2013/05/14,1
2013/05/15,2203
2013/05/16,713
2013/05/17,708
2013/05/18,851
2013/05/19,0
2013/05/20,2
2013/05/21,1217
2013/05/22,966
2013/05/23,886
2013/05/24,606
2013/05/25,1101
2013/05/26,0
2013/05/27,2
2013/05/28,1108
2013/05/29,647
2013/05/30,1179
2013/05/31,702
2013/06/01,1054
2013/06/02,0
2013/06/03,1
2013/06/04,1140
2013/06/05,1307
2013/06/06,839
2013/06/07,839
2013/06/08,747
2013/06/09,0
2013/06/10,2
2013/06/11,2
2013/06/12,2140
2013/06/13,461
2013/06/14,1273
2013/06/15,810
2013/06/16,0
2013/06/17,0
2013/06/18,3
2013/06/19,2280
2013/06/20,761
2013/06/21,866
2013/06/22,692
2013/06/23,0
2013/06/24,1
2013/06/25,853
2013/06/26,1130
2013/06/27,1014
2013/06/28,644
2013/06/29,629
2013/06/30,9
2013/07/01,242
2013/07/02,0
2013/07/03,2842
2013/07/04,646
2013/07/05,1039
2013/07/06,590
2013/07/07,1
2013/07/08,0
2013/07/09,1089
2013/07/10,836
2013/07/11,972
2013/07/12,749
2013/07/13,811
2013/07/14,0
2013/07/15,4
2013/07/16,1381
2013/07/17,914
2013/07/18,2
2013/07/19,1458
2013/07/20,281
2013/07/21,2
2013/07/22,0
2013/07/23,2106
2013/07/24,839
2013/07/25,829
2013/07/26,646
2013/07/27,0
2013/07/28,746
2013/07/29,2
2013/07/30,0
2013/07/31,2350
2013/08/01,789
2013/08/02,845
2013/08/03,889
2013/08/04,0
2013/08/05,3
2013/08/06,1179
2013/08/07,1095
2013/08/08,984
2013/08/09,577
2013/08/10,804
2013/08/11,0
2013/08/12,2
2013/08/13,1624
2013/08/14,762
2013/08/15,674
2013/08/16,572
2013/08/17,0
2013/08/18,0
2013/08/19,2
2013/08/20,1
2013/08/21,3114
2013/08/22,650
2013/08/23,1
2013/08/24,1550
2013/08/25,1
2013/08/26,0
2013/08/27,1447
2013/08/28,565
2013/08/29,996
2013/08/30,522
2013/08/31,1037
2013/09/01,321
2013/09/02,1
2013/09/03,1618
2013/09/04,538
2013/09/05,634
2013/09/06,694
2013/09/07,858
2013/09/08,1
2013/09/09,0
2013/09/10,1234
2013/09/11,777
2013/09/12,946
2013/09/13,809
2013/09/14,786
2013/09/15,2
2013/09/16,7
2013/09/17,2011
2013/09/18,832
2013/09/19,1
2013/09/20,1
2013/09/21,2000
2013/09/22,0
2013/09/23,2
2013/09/24,1380
2013/09/25,5
2013/09/26,1591
2013/09/27,820
2013/09/28,805
2013/09/29,0
2013/09/30,5
2013/10/01,1581
2013/10/02,966
2013/10/03,816
2013/10/04,450
2013/10/05,757
2013/10/06,0
2013/10/07,0
2013/10/08,1255
2013/10/09,798
2013/10/10,922
2013/10/11,777
2013/10/12,1181
2013/10/13,1
2013/10/14,0
2013/10/15,2097
2013/10/16,718
2013/10/17,740
2013/10/18,593
2013/10/19,985
2013/10/20,0
2013/10/21,3
2013/10/22,1423
2013/10/23,1008
2013/10/24,750
2013/10/25,806
2013/10/26,834
2013/10/27,0
2013/10/28,3
2013/10/29,888
2013/10/30,1027
2013/10/31,743
2013/11/01,945
2013/11/02,870
2013/11/03,0
2013/11/04,12
2013/11/05,1263
2013/11/06,878
2013/11/07,647
2013/11/08,582
2013/11/09,0
2013/11/10,1074
2013/11/11,1
2013/11/12,1377
2013/11/13,865
2013/11/14,1016
2013/11/15,695
2013/11/16,1023
2013/11/17,0
2013/11/18,1
2013/11/19,1665
2013/11/20,1089
2013/11/21,940
2013/11/22,887
2013/11/23,1131
2013/11/24,1
2013/11/25,2
2013/11/26,1603
2013/11/27,1
2013/11/28,1980
2013/11/29,739
2013/11/30,669
2013/12/01,352
2013/12/02,0
2013/12/03,1466
2013/12/04,945
2013/12/05,846
2013/12/06,1
2013/12/07,1852
2013/12/08,0
2013/12/09,2
2013/12/10,1463
2013/12/11,1089
2013/12/12,736
2013/12/13,7
2013/12/14,1
2013/12/15,0
2013/12/16,3
2013/12/17,6
2013/12/18,4137
2013/12/19,1427
2013/12/20,766
2013/12/21,1042
2013/12/22,0
2013/12/23,0
2013/12/24,1314
2013/12/25,950
2013/12/26,245
2013/12/27,167
2013/12/28,3
2013/12/29,525
2013/12/30,2
2013/12/31,12
2014/01/01,4996
2014/01/02,418
2014/01/03,304
2014/01/04,0
2014/01/05,863
2014/01/06,1
2014/01/07,1360
2014/01/08,1010
2014/01/09,896
2014/01/10,999
2014/01/11,868
2014/01/12,0
2014/01/13,3
2014/01/14,0
2014/01/15,2461
2014/01/16,979
2014/01/17,994
2014/01/18,970
2014/01/19,0
2014/01/20,1
2014/01/21,1405
2014/01/22,667
2014/01/23,804
2014/01/24,1295
2014/01/25,843
2014/01/26,0
2014/01/27,4
2014/01/28,1823
2014/01/29,1001
2014/01/30,1029
2014/01/31,828
2014/02/01,993
2014/02/02,1
2014/02/03,0
2014/02/04,1597
2014/02/05,930
2014/02/06,1085
2014/02/07,709
2014/02/08,1118
2014/02/09,0
2014/02/10,0
2014/02/11,1479
2014/02/12,982
2014/02/13,815
2014/02/14,853
2014/02/15,733
2014/02/16,1
2014/02/17,0
2014/02/18,1488
2014/02/19,681
2014/02/20,935
2014/02/21,731
2014/02/22,759
2014/02/23,0
2014/02/24,1
2014/02/25,1119
2014/02/26,976
2014/02/27,799
2014/02/28,900
2014/03/01,1170
2014/03/02,1
2014/03/03,4
2014/03/04,2159
2014/03/05,878
2014/03/06,9
2014/03/07,1725
2014/03/08,1007
2014/03/09,0
2014/03/10,1
2014/03/11,0
2014/03/12,1
2014/03/13,3404
2014/03/14,965
2014/03/15,935
2014/03/16,0
2014/03/17,4
2014/03/18,1
2014/03/19,2902
2014/03/20,1037
2014/03/21,12
2014/03/22,1915
2014/03/23,0
2014/03/24,2
2014/03/25,1470
2014/03/26,1125
2014/03/27,3
2014/03/28,2
2014/03/29,2945
2014/03/30,15
2014/03/31,5
2014/04/01,1444
2014/04/02,1282
2014/04/03,877
2014/04/04,764
2014/04/05,1103
2014/04/06,0
2014/04/07,0
2014/04/08,1457
2014/04/09,1039
2014/04/10,954
2014/04/11,966
2014/04/12,1027
2014/04/13,0
2014/04/14,2
2014/04/15,1412
2014/04/16,1002
2014/04/17,809
2014/04/18,856
2014/04/19,0
2014/04/20,858
2014/04/21,2
2014/04/22,983
2014/04/23,1101
2014/04/24,967
2014/04/25,811
2014/04/26,859
2014/04/27,1
2014/04/28,3
2014/04/29,1589
2014/04/30,1095
2014/05/01,192
2014/05/02,984
2014/05/03,1685
2014/05/04,1
2014/05/05,3
2014/05/06,1193
2014/05/07,1135
2014/05/08,860
2014/05/09,1588
2014/05/10,12
2014/05/11,0
2014/05/12,2
2014/05/13,1377
2014/05/14,1034
2014/05/15,7
2014/05/16,1455
2014/05/17,1031
2014/05/18,0
2014/05/19,4
2014/05/20,1198
2014/05/21,1023
2014/05/22,2
2014/05/23,1578
2014/05/24,1108
2014/05/25,0
2014/05/26,1
2014/05/27,1175
2014/05/28,886
2014/05/29,853
2014/05/30,645
2014/05/31,828
2014/06/01,932
2014/06/02,204
2014/06/03,1597
2014/06/04,1248
2014/06/05,883
2014/06/06,1014
2014/06/07,914
2014/06/08,449
2014/06/09,218
2014/06/10,784
2014/06/11,864
2014/06/12,881
2014/06/13,698
2014/06/14,960
2014/06/15,451
2014/06/16,215
2014/06/17,835
2014/06/18,1001
2014/06/19,838
2014/06/20,1117
2014/06/21,950
2014/06/22,489
2014/06/23,1
2014/06/24,1013
2014/06/25,959
2014/06/26,799
2014/06/27,910
2014/06/28,979
2014/06/29,368
2014/06/30,176
2014/07/01,1451
2014/07/02,992
2014/07/03,1
2014/07/04,4
2014/07/05,2
2014/07/06,2987
2014/07/07,176
2014/07/08,564
2014/07/09,918
2014/07/10,661
2014/07/11,848
2014/07/12,849
2014/07/13,398
2014/07/14,91
2014/07/15,0
2014/07/16,1749
2014/07/17,723
2014/07/18,810
2014/07/19,872
2014/07/20,413
2014/07/21,118
2014/07/22,1791
2014/07/23,966
2014/07/24,908
2014/07/25,807
2014/07/26,877
2014/07/27,355
2014/07/28,5
2014/07/29,0
2014/07/30,2036
2014/07/31,815
2014/08/01,1061
2014/08/02,905
2014/08/03,426
2014/08/04,2
2014/08/05,901
2014/08/06,941
2014/08/07,646
2014/08/08,1136
2014/08/09,0
2014/08/10,0
2014/08/11,0
2014/08/12,2222
2014/08/13,664
2014/08/14,6
2014/08/15,1852
2014/08/16,1107
2014/08/17,331
2014/08/18,2
2014/08/19,1328
2014/08/20,838
2014/08/21,877
2014/08/22,785
2014/08/23,0
2014/08/24,0
2014/08/25,3
2014/08/26,2234
2014/08/27,1064
2014/08/28,949
2014/08/29,799
2014/08/30,1024
2014/08/31,324
2014/09/01,564
2014/09/02,896
2014/09/03,830
2014/09/04,912
2014/09/05,908
2014/09/06,785
2014/09/07,428
2014/09/08,1
2014/09/09,0
2014/09/10,2412
2014/09/11,858
2014/09/12,804
2014/09/13,902
2014/09/14,375
2014/09/15,331
2014/09/16,856
2014/09/17,873
2014/09/18,1016
2014/09/19,774
2014/09/20,1
2014/09/21,1
2014/09/22,1
2014/09/23,2446
2014/09/24,849
2014/09/25,986
2014/09/26,750
2014/09/27,936
2014/09/28,510
2014/09/29,5
2014/09/30,881
2014/10/01,1135
2014/10/02,796
2014/10/03,1044
2014/10/04,807
2014/10/05,425
2014/10/06,209
2014/10/07,804
2014/10/08,988
2014/10/09,949
2014/10/10,874
2014/10/11,907
2014/10/12,546
2014/10/13,162
2014/10/14,994
2014/10/15,970
2014/10/16,855
2014/10/17,896
2014/10/18,817
2014/10/19,213
2014/10/20,81
2014/10/21,786
2014/10/22,945
2014/10/23,742
2014/10/24,747
2014/10/25,652
2014/10/26,217
2014/10/27,100
2014/10/28,621
2014/10/29,740
2014/10/30,737
2014/10/31,729
2014/11/01,392
2014/11/02,974
2014/11/03,24
2014/11/04,5
2014/11/05,1802
2014/11/06,850
2014/11/07,700
2014/11/08,1144
2014/11/09,272
2014/11/10,71
2014/11/11,552
2014/11/12,725
2014/11/13,813
2014/11/14,879
2014/11/15,829
2014/11/16,267
2014/11/17,104
2014/11/18,796
2014/11/19,753
2014/11/20,759
2014/11/21,745
2014/11/22,801
2014/11/23,0
2014/11/24,5
2014/11/25,1093
2014/11/26,850
2014/11/27,859
2014/11/28,577
2014/11/29,459
2014/11/30,384
2014/12/01,476
2014/12/02,951
2014/12/03,6952
2014/12/04,1650
2014/12/05,908
2014/12/06,1166
2014/12/07,322
2014/12/08,241
2014/12/09,1099
2014/12/10,989
2014/12/11,799
2014/12/12,18
2014/12/13,1
2014/12/14,1
2014/12/15,3
2014/12/16,0
2014/12/17,4488
2014/12/18,839
2014/12/19,1131
2014/12/20,1119
2014/12/21,343
2014/12/22,176
2014/12/23,838
2014/12/24,1166
2014/12/25,1
2014/12/26,1
2014/12/27,0
2014/12/28,2
2014/12/29,3
2014/12/30,2540
2014/12/31,702
2015/01/01,2866
2015/01/02,420
2015/01/03,318
2015/01/04,207
2015/01/05,3
2015/01/06,597
2015/01/07,1092
2015/01/08,891
2015/01/09,1066
2015/01/10,1
2015/01/11,0
2015/01/12,9
2015/01/13,2497
2015/01/14,5
2015/01/15,1562
2015/01/16,735
2015/01/17,1014
2015/01/18,534
2015/01/19,126
2015/01/20,604
2015/01/21,925
2015/01/22,1041
2015/01/23,911
2015/01/24,852
2015/01/25,0
2015/01/26,4
2015/01/27,1454
2015/01/28,1018
2015/01/29,4
2015/01/30,1535
2015/01/31,965
2015/02/01,665
2015/02/02,212
2015/02/03,1089
2015/02/04,1111
2015/02/05,933
2015/02/06,856
2015/02/07,1059
2015/02/08,1
2015/02/09,1
2015/02/10,4
2015/02/11,2396
2015/02/12,581
2015/02/13,1007
2015/02/14,1087
2015/02/15,480
2015/02/16,171
2015/02/17,993
2015/02/18,895
2015/02/19,767
2015/02/20,746
2015/02/21,3
2015/02/22,1
2015/02/23,1
2015/02/24,2407
2015/02/25,950
2015/02/26,1143
2015/02/27,732
2015/02/28,856
2015/03/01,575
2015/03/02,2
2015/03/03,1245
2015/03/04,1066
2015/03/05,1016
2015/03/06,864
2015/03/07,660
2015/03/08,0
2015/03/09,2
2015/03/10,1578
2015/03/11,1298
2015/03/12,1032
2015/03/13,788
2015/03/14,5
2015/03/15,1344
2015/03/16,6
2015/03/17,1411
2015/03/18,1176
2015/03/19,871
2015/03/20,977
2015/03/21,936
2015/03/22,410
2015/03/23,151
2015/03/24,643
2015/03/25,1042
2015/03/26,825
2015/03/27,1142
2015/03/28,2
2015/03/29,2
2015/03/30,1
2015/03/31,2654
2015/04/01,1135
2015/04/02,1112
2015/04/03,373
2015/04/04,1538
2015/04/05,237
2015/04/06,5
2015/04/07,888
2015/04/08,1179
2015/04/09,865
2015/04/10,724
2015/04/11,1175
2015/04/12,508
2015/04/13,219
2015/04/14,960
2015/04/15,907
2015/04/16,962
2015/04/17,1378
2015/04/18,1417
2015/04/19,1321
2015/04/20,10
2015/04/21,7
2015/04/22,1980
2015/04/23,922
2015/04/24,943
2015/04/25,981
2015/04/26,357
2015/04/27,1
2015/04/28,9
2015/04/29,2090
2015/04/30,1022
2015/05/01,1168
2015/05/02,947
2015/05/03,424
2015/05/04,250
2015/05/05,5
2015/05/06,1600
2015/05/07,950
2015/05/08,857
2015/05/09,1033
2015/05/10,396
2015/05/11,285
2015/05/12,847
2015/05/13,1085
2015/05/14,7
2015/05/15,1894
2015/05/16,955
2015/05/17,354
2015/05/18,7
2015/05/19,6
2015/05/20,2308
2015/05/21,944
2015/05/22,1
2015/05/23,1807
2015/05/24,448
2015/05/25,296
2015/05/26,547
2015/05/27,977
2015/05/28,774
2015/05/29,1214
2015/05/30,877
2015/05/31,429
2015/06/01,398
2015/06/02,906
2015/06/03,1184
2015/06/04,1130
2015/06/05,856
2015/06/06,1103
2015/06/07,462
2015/06/08,259
2015/06/09,933
2015/06/10,952
2015/06/11,1031
2015/06/12,8
2015/06/13,1845
2015/06/14,410
2015/06/15,251
2015/06/16,892
2015/06/17,1032
2015/06/18,905
2015/06/19,848
2015/06/20,1042
2015/06/21,511
2015/06/22,208
2015/06/23,1147
2015/06/24,973
2015/06/25,912
2015/06/26,859
2015/06/27,1032
2015/06/28,418
2015/06/29,255
2015/06/30,923
2015/07/01,1317
2015/07/02,983
2015/07/03,1136
2015/07/04,781
2015/07/05,434
2015/07/06,299
2015/07/07,760
2015/07/08,910
2015/07/09,4
2015/07/10,8
2015/07/11,1
2015/07/12,0
2015/07/13,3
2015/07/14,7
2015/07/15,5261
2015/07/16,1033
2015/07/17,1122
2015/07/18,1092
2015/07/19,431
2015/07/20,1
2015/07/21,1107
2015/07/22,941
2015/07/23,883
2015/07/24,881
2015/07/25,889
2015/07/26,487
2015/07/27,331
2015/07/28,804
2015/07/29,969
2015/07/30,998
2015/07/31,3
2015/08/01,2019
2015/08/02,515
2015/08/03,6
2015/08/04,1090
2015/08/05,1114
2015/08/06,756
2015/08/07,9
2015/08/08,1792
2015/08/09,410
2015/08/10,240
2015/08/11,816
2015/08/12,1099
2015/08/13,970
2015/08/14,710
2015/08/15,976
2015/08/16,426
2015/08/17,5
2015/08/18,5
2015/08/19,1878
2015/08/20,799
2015/08/21,810
2015/08/22,852
2015/08/23,1
2015/08/24,9
2015/08/25,1582
2015/08/26,978
2015/08/27,864
2015/08/28,1061
2015/08/29,3
2015/08/30,1
2015/08/31,13
2015/09/01,2564
2015/09/02,636
2015/09/03,5
2015/09/04,2180
2015/09/05,1055
2015/09/06,439
2015/09/07,4
2015/09/08,723
2015/09/09,1032
2015/09/10,1020
2015/09/11,1
2015/09/12,1815
2015/09/13,566
2015/09/14,226
2015/09/15,952
2015/09/16,1036
2015/09/17,805
2015/09/18,1001
2015/09/19,872
2015/09/20,596
2015/09/21,219
2015/09/22,618
2015/09/23,9
2015/09/24,1969
2015/09/25,1111
2015/09/26,1120
2015/09/27,509
2015/09/28,474
2015/09/29,1079
2015/09/30,939
2015/10/01,1115
2015/10/02,1094
2015/10/03,1085
2015/10/04,486
2015/10/05,212
2015/10/06,754
2015/10/07,1086
2015/10/08,563
2015/10/09,1097
2015/10/10,776
2015/10/11,505
2015/10/12,146
2015/10/13,797
2015/10/14,4
2015/10/15,7
2015/10/16,2919
2015/10/17,1111
2015/10/18,611
2015/10/19,5
2015/10/20,675
2015/10/21,1604
2015/10/22,691
2015/10/23,857
2015/10/24,526
2015/10/25,1
2015/10/26,6
2015/10/27,1890
2015/10/28,1026
2015/10/29,837
2015/10/30,897
2015/10/31,919
2015/11/01,891
2015/11/02,316
2015/11/03,861
2015/11/04,1254
2015/11/05,974
2015/11/06,1025
2015/11/07,1041
2015/11/08,509
2015/11/09,198
2015/11/10,985
2015/11/11,531
2015/11/12,1083
2015/11/13,1136
2015/11/14,888
2015/11/15,233
2015/11/16,2
2015/11/17,750
2015/11/18,1058
2015/11/19,1059
2015/11/20,800
2015/11/21,1044
2015/11/22,426
2015/11/23,164
2015/11/24,10
2015/11/25,6
2015/11/26,3581
2015/11/27,888
2015/11/28,799
2015/11/29,478
2015/11/30,71
2015/12/01,1070
2015/12/02,1267
2015/12/03,1217
2015/12/04,939
2015/12/05,633
2015/12/06,1
2015/12/07,3
2015/12/08,1150
2015/12/09,627
2015/12/10,1307
2015/12/11,10
2015/12/12,2
2015/12/13,1
2015/12/14,17
2015/12/15,3180
2015/12/16,2
2015/12/17,1731
2015/12/18,1252
2015/12/19,1123
2015/12/20,729
2015/12/21,5
2015/12/22,838
2015/12/23,1142
2015/12/24,914
2015/12/25,997
2015/12/26,729
2015/12/27,238
2015/12/28,4
2015/12/29,875
2015/12/30,1001
2015/12/31,720
2016/01/01,2921
2016/01/02,536
2016/01/03,333
2016/01/04,7
2016/01/05,567
2016/01/06,894
2016/01/07,1159
2016/01/08,912
2016/01/09,963
2016/01/10,453
2016/01/11,305
2016/01/12,698
2016/01/13,937
2016/01/14,916
2016/01/15,1102
2016/01/16,1169
2016/01/17,427
2016/01/18,341
2016/01/19,1401
2016/01/20,1028
2016/01/21,1016
2016/01/22,10
2016/01/23,2334
2016/01/24,542
2016/01/25,193
2016/01/26,1241
2016/01/27,915
2016/01/28,792
2016/01/29,1175
2016/01/30,992
2016/01/31,500
2016/02/01,139
2016/02/02,741
2016/02/03,1711
2016/02/04,993
2016/02/05,874
2016/02/06,1249
2016/02/07,602
2016/02/08,161
2016/02/09,892
2016/02/10,1061
2016/02/11,949
2016/02/12,3
2016/02/13,1959
2016/02/14,517
2016/02/15,223
2016/02/16,738
2016/02/17,11
2016/02/18,2295
2016/02/19,1016
2016/02/20,1162
2016/02/21,342
2016/02/22,266
2016/02/23,7
2016/02/24,1747
2016/02/25,6
2016/02/26,2509
2016/02/27,1192
2016/02/28,545
2016/02/29,230
2016/03/01,980
2016/03/02,1289
2016/03/03,10
2016/03/04,4
2016/03/05,3011
2016/03/06,454
2016/03/07,15
2016/03/08,1279
2016/03/09,7
2016/03/10,1953
2016/03/11,922
2016/03/12,929
2016/03/13,722
2016/03/14,180
2016/03/15,883
2016/03/16,865
2016/03/17,970
2016/03/18,1010
2016/03/19,1250
2016/03/20,533
2016/03/21,343
2016/03/22,892
2016/03/23,4
2016/03/24,2171
2016/03/25,718
2016/03/26,1022
2016/03/27,288
2016/03/28,186
2016/03/29,571
2016/03/30,841
2016/03/31,1134
2016/04/01,1115
2016/04/02,960
2016/04/03,611
2016/04/04,253
2016/04/05,1185
2016/04/06,888
2016/04/07,1070
2016/04/08,817
2016/04/09,1022
2016/04/10,464
2016/04/11,7
2016/04/12,1337
2016/04/13,16
2016/04/14,2034
2016/04/15,998
2016/04/16,892
2016/04/17,583
2016/04/18,332
2016/04/19,721
2016/04/20,1010
2016/04/21,827
2016/04/22,808
2016/04/23,1164
2016/04/24,494
2016/04/25,293
2016/04/26,846
2016/04/27,1160
2016/04/28,891
2016/04/29,911
2016/04/30,1053
2016/05/01,686
2016/05/02,220
2016/05/03,967
2016/05/04,952
2016/05/05,986
2016/05/06,989
2016/05/07,1021
2016/05/08,467
2016/05/09,177
2016/05/10,775
2016/05/11,1192
2016/05/12,1126
2016/05/13,4
2016/05/14,1872
2016/05/15,477
2016/05/16,6
2016/05/17,2
2016/05/18,2803
2016/05/19,343
2016/05/20,1033
2016/05/21,900
2016/05/22,710
2016/05/23,211
2016/05/24,964
2016/05/25,1103
2016/05/26,1008
2016/05/27,877
2016/05/28,884
2016/05/29,706
2016/05/30,185
2016/05/31,788
2016/06/01,1135
2016/06/02,1133
2016/06/03,949
2016/06/04,1062
2016/06/05,619
2016/06/06,243
2016/06/07,462
2016/06/08,22
2016/06/09,2329
2016/06/10,972
2016/06/11,872
2016/06/12,683
2016/06/13,168
2016/06/14,715
2016/06/15,1185
2016/06/16,846
2016/06/17,1025
2016/06/18,1132
2016/06/19,574
2016/06/20,163
2016/06/21,859
2016/06/22,901
2016/06/23,967
2016/06/24,866
2016/06/25,953
2016/06/26,0
2016/06/27,8
2016/06/28,1621
2016/06/29,888
2016/06/30,896
2016/07/01,1445
2016/07/02,1110
2016/07/03,459
2016/07/04,282
2016/07/05,955
2016/07/06,839
2016/07/07,534
2016/07/08,874
2016/07/09,1339
2016/07/10,383
2016/07/11,246
2016/07/12,763
2016/07/13,1120
2016/07/14,701
2016/07/15,1027
2016/07/16,978
2016/07/17,423
2016/07/18,384
2016/07/19,857
2016/07/20,1199
2016/07/21,917
2016/07/22,945
2016/07/23,1206
2016/07/24,0
2016/07/25,14
2016/07/26,9
2016/07/27,13
2016/07/28,3480
2016/07/29,945
2016/07/30,971
2016/07/31,509
2016/08/01,572
2016/08/02,814
2016/08/03,882
2016/08/04,872
2016/08/05,825
2016/08/06,901
2016/08/07,0
2016/08/08,13
2016/08/09,1624
2016/08/10,899
2016/08/11,711
2016/08/12,954
2016/08/13,2
2016/08/14,2
2016/08/15,3
2016/08/16,2455
2016/08/17,714
2016/08/18,826
2016/08/19,911
2016/08/20,930
2016/08/21,438
2016/08/22,234
2016/08/23,766
2016/08/24,746
2016/08/25,1065
2016/08/26,711
2016/08/27,736
2016/08/28,639
2016/08/29,309
2016/08/30,577
2016/08/31,936
2016/09/01,1433
2016/09/02,946
2016/09/03,883
2016/09/04,452
2016/09/05,10
2016/09/06,3
2016/09/07,1513
2016/09/08,1046
2016/09/09,851
2016/09/10,789
2016/09/11,478
2016/09/12,167
2016/09/13,670
2016/09/14,1049
2016/09/15,797
2016/09/16,975
2016/09/17,772
2016/09/18,477
2016/09/19,216
2016/09/20,628
2016/09/21,955
2016/09/22,648
2016/09/23,988
2016/09/24,972
2016/09/25,525
2016/09/26,163
2016/09/27,686
2016/09/28,798
2016/09/29,6
2016/09/30,1575
2016/10/01,1306
2016/10/02,4
2016/10/03,5
2016/10/04,1186
2016/10/05,911
2016/10/06,855
2016/10/07,722
2016/10/08,878
2016/10/09,317
2016/10/10,5
2016/10/11,971
2016/10/12,738
2016/10/13,750
2016/10/14,850
2016/10/15,4
2016/10/16,1179
2016/10/17,274
2016/10/18,1418
2016/10/19,1636
2016/10/20,21
2016/10/21,2714
2016/10/22,1406
2016/10/23,742
2016/10/24,7
2016/10/25,2043
2016/10/26,1538
2016/10/27,1228
2016/10/28,1458
2016/10/29,1
2016/10/30,2641
2016/10/31,148
2016/11/01,1818
2016/11/02,1246
2016/11/03,1410
2016/11/04,1076
2016/11/05,2061
2016/11/06,0
2016/11/07,725
2016/11/08,658
2016/11/09,1632
2016/11/10,289
2016/11/11,760
2016/11/12,1183
2016/11/13,47
2016/11/14,335
2016/11/15,747
2016/11/16,967
2016/11/17,764
2016/11/18,776
2016/11/19,8
2016/11/20,2260
2016/11/21,408
2016/11/22,977
2016/11/23,922
2016/11/24,1040
2016/11/25,671
2016/11/26,786
2016/11/27,408
2016/11/28,355
2016/11/29,989
2016/11/30,1150
2016/12/01,334
2016/12/02,10
2016/12/03,2962
2016/12/04,491
2016/12/05,321
2016/12/06,769
2016/12/07,932
2016/12/08,823
2016/12/09,894
2016/12/10,1211
2016/12/11,0
2016/12/12,7
2016/12/13,1703
2016/12/14,975
2016/12/15,673
2016/12/16,927
2016/12/17,1293
2016/12/18,422
2016/12/19,686
2016/12/20,366
2016/12/21,1159
2016/12/22,1166
2016/12/23,1424
2016/12/24,179
2016/12/25,487
2016/12/26,339
2016/12/27,680
2016/12/28,676
2016/12/29,761
2016/12/30,718
2016/12/31,646
2017/01/01,1803
2017/01/02,1
2017/01/03,3
2017/01/04,1528
2017/01/05,799
2017/01/06,850
2017/01/07,1236
2017/01/08,550
2017/01/09,272
2017/01/10,910
2017/01/11,926
2017/01/12,746
2017/01/13,1067
2017/01/14,1015
2017/01/15,459
2017/01/16,213
2017/01/17,882
2017/01/18,1405
2017/01/19,442
2017/01/20,908
2017/01/21,1078
2017/01/22,384
2017/01/23,371
2017/01/24,868
2017/01/25,1062
2017/01/26,910
2017/01/27,912
2017/01/28,975
2017/01/29,396
2017/01/30,19
2017/01/31,1136
2017/02/01,1335
2017/02/02,922
2017/02/03,6
2017/02/04,1
2017/02/05,10
2017/02/06,3060
2017/02/07,940
2017/02/08,13
2017/02/09,2071
2017/02/10,917
2017/02/11,0
2017/02/12,1365
2017/02/13,353
2017/02/14,648
2017/02/15,814
2017/02/16,866
2017/02/17,1245
2017/02/18,987
2017/02/19,500
2017/02/20,204
2017/02/21,5
2017/02/22,1788
2017/02/23,1034
2017/02/24,810
2017/02/25,929
2017/02/26,0
2017/02/27,779
2017/02/28,771
2017/03/01,1303
2017/03/02,925
2017/03/03,906
2017/03/04,997
2017/03/05,439
2017/03/06,345
2017/03/07,1027
2017/03/08,909
2017/03/09,1276
2017/03/10,1253
2017/03/11,976
2017/03/12,432
2017/03/13,409
2017/03/14,806
2017/03/15,8
2017/03/16,2342
2017/03/17,970
2017/03/18,903
2017/03/19,1
2017/03/20,22
2017/03/21,1496
2017/03/22,9
2017/03/23,2461
2017/03/24,1118
2017/03/25,1202
2017/03/26,0
2017/03/27,11
2017/03/28,1617
2017/03/29,8
2017/03/30,1903
2017/03/31,756
2017/04/01,1161
2017/04/02,367
2017/04/03,7
2017/04/04,1790
2017/04/05,1051
2017/04/06,1043
2017/04/07,968
2017/04/08,1012
2017/04/09,436
2017/04/10,389
2017/04/11,958
2017/04/12,1191
2017/04/13,804
2017/04/14,1275
2017/04/15,765
2017/04/16,298
2017/04/17,341
2017/04/18,598
2017/04/19,1200
2017/04/20,922
2017/04/21,1001
2017/04/22,1157
2017/04/23,442
2017/04/24,311
2017/04/25,855
2017/04/26,994
2017/04/27,1095
2017/04/28,866
2017/04/29,5
2017/04/30,1570
2017/05/01,403
2017/05/02,842
2017/05/03,9
2017/05/04,1866
2017/05/05,1314
2017/05/06,888
2017/05/07,0
2017/05/08,3
2017/05/09,2
2017/05/10,2776
2017/05/11,886
2017/05/12,1006
2017/05/13,1234
2017/05/14,449
2017/05/15,5
2017/05/16,1291
2017/05/17,1330
2017/05/18,765
2017/05/19,928
2017/05/20,1002
2017/05/21,465
2017/05/22,306
2017/05/23,757
2017/05/24,957
2017/05/25,7
2017/05/26,2409
2017/05/27,901
2017/05/28,418
2017/05/29,7
2017/05/30,855
2017/05/31,877
2017/06/01,1306
2017/06/02,1057
2017/06/03,1167
2017/06/04,387
2017/06/05,324
2017/06/06,925
2017/06/07,1098
2017/06/08,1252
2017/06/09,875
2017/06/10,1037
2017/06/11,466
2017/06/12,301
2017/06/13,950
2017/06/14,1016
2017/06/15,1073
2017/06/16,830
2017/06/17,1
2017/06/18,1419
2017/06/19,357
2017/06/20,1064
2017/06/21,1031
2017/06/22,913
2017/06/23,1
2017/06/24,2064
2017/06/25,471
2017/06/26,367
2017/06/27,821
2017/06/28,981
2017/06/29,924
2017/06/30,8
2017/07/01,1936
2017/07/02,490
2017/07/03,347
2017/07/04,851
2017/07/05,879
2017/07/06,810
2017/07/07,1099
2017/07/08,870
2017/07/09,402
2017/07/10,306
2017/07/11,5
2017/07/12,2138
2017/07/13,958
2017/07/14,1003
2017/07/15,1097
2017/07/16,449
2017/07/17,1
2017/07/18,1215
2017/07/19,1119
2017/07/20,802
2017/07/21,1237
2017/07/22,997
2017/07/23,0
2017/07/24,3
2017/07/25,1560
2017/07/26,1235
2017/07/27,924
2017/07/28,940
2017/07/29,827
2017/07/30,514
2017/07/31,6
2017/08/01,124
2017/08/02,2125
2017/08/03,1020
2017/08/04,14
2017/08/05,1871
2017/08/06,493
2017/08/07,696
2017/08/08,365
2017/08/09,919
2017/08/10,1033
2017/08/11,891
2017/08/12,888
2017/08/13,415
2017/08/14,7
2017/08/15,1139
2017/08/16,1445
2017/08/17,184
2017/08/18,1053
2017/08/19,830
2017/08/20,314
2017/08/21,7
2017/08/22,944
2017/08/23,986
2017/08/24,1248
2017/08/25,794
2017/08/26,977
2017/08/27,391
2017/08/28,262
2017/08/29,678
2017/08/30,1110
2017/08/31,848
2017/09/01,1476
2017/09/02,1064
2017/09/03,466
2017/09/04,367
2017/09/05,733
2017/09/06,931
2017/09/07,835
2017/09/08,967
2017/09/09,1380
2017/09/10,422
2017/09/11,378
2017/09/12,733
2017/09/13,1069
2017/09/14,1085
2017/09/15,1099
2017/09/16,1095
2017/09/17,452
2017/09/18,357
2017/09/19,931
2017/09/20,941
2017/09/21,1098
2017/09/22,940
2017/09/23,2
2017/09/24,0
2017/09/25,2052
2017/09/26,854
2017/09/27,9
2017/09/28,1932
2017/09/29,868
2017/09/30,922
2017/10/01,575
2017/10/02,301
2017/10/03,905
2017/10/04,1306
2017/10/05,980
2017/10/06,1179
2017/10/07,928
2017/10/08,427
2017/10/09,3
2017/10/10,3
2017/10/11,2365
2017/10/12,1003
2017/10/13,1104
2017/10/14,1126
2017/10/15,4
2017/10/16,3
2017/10/17,1922
2017/10/18,1
2017/10/19,2231
2017/10/20,904
2017/10/21,1023
2017/10/22,338
2017/10/23,216
2017/10/24,967
2017/10/25,1332
2017/10/26,7
2017/10/27,2043
2017/10/28,1103
2017/10/29,587
2017/10/30,5
2017/10/31,859
2017/11/01,1052
2017/11/02,843
2017/11/03,915
2017/11/04,1029
2017/11/05,481
2017/11/06,418
2017/11/07,1292
2017/11/08,1252
2017/11/09,1171
2017/11/10,996
2017/11/11,1096
2017/11/12,436
2017/11/13,332
2017/11/14,754
2017/11/15,1174
2017/11/16,986
2017/11/17,931
2017/11/18,1244
2017/11/19,385
2017/11/20,28
2017/11/21,1428
2017/11/22,1356
2017/11/23,1317
2017/11/24,632
2017/11/25,696
2017/11/26,0
2017/11/27,40
2017/11/28,1813
2017/11/29,935
2017/11/30,18
2017/12/01,2046
2017/12/02,1155
2017/12/03,509
2017/12/04,2
2017/12/05,1319
2017/12/06,1312
2017/12/07,1176
2017/12/08,1043
2017/12/09,911
2017/12/10,611
2017/12/11,347
2017/12/12,1086
2017/12/13,1039
2017/12/14,1027
2017/12/15,1007
2017/12/16,853
2017/12/17,774
2017/12/18,1
2017/12/19,1376
2017/12/20,936
2017/12/21,1030
2017/12/22,1437
2017/12/23,1202
2017/12/24,465
2017/12/25,258
2017/12/26,373
2017/12/27,469
2017/12/28,663
2017/12/29,563
2017/12/30,814
2017/12/31,433
2018/01/01,942
2018/01/02,425
2018/01/03,722
2018/01/04,881
2018/01/05,618
2018/01/06,786
2018/01/07,426
2018/01/08,254
2018/01/09,808
2018/01/10,1705
2018/01/11,1028
2018/01/12,4
2018/01/13,2188
2018/01/14,506
2018/01/15,374
2018/01/16,532
2018/01/17,10
2018/01/18,1997
2018/01/19,1042
2018/01/20,998
2018/01/21,284
2018/01/22,197
2018/01/23,877
2018/01/24,1162
2018/01/25,992
2018/01/26,1115
2018/01/27,887
2018/01/28,168
2018/01/29,163
2018/01/30,885
2018/01/31,935
2018/02/01,1137
2018/02/02,1137
2018/02/03,1194
2018/02/04,1
2018/02/05,6
2018/02/06,1785
2018/02/07,1939
2018/02/08,1502
2018/02/09,1389
2018/02/10,1162
2018/02/11,537
2018/02/12,8
2018/02/13,2106
2018/02/14,809
2018/02/15,1181
2018/02/16,1030
2018/02/17,892
2018/02/18,503
2018/02/19,7
2018/02/20,1037
2018/02/21,1235
2018/02/22,1073
2018/02/23,1315
2018/02/24,821
2018/02/25,476
2018/02/26,4
2018/02/27,1338
2018/02/28,1129
2018/03/01,1068
2018/03/02,1090
2018/03/03,1039
2018/03/04,406
2018/03/05,377
2018/03/06,971
2018/03/07,1051
2018/03/08,1047
2018/03/09,1142
2018/03/10,1065
2018/03/11,567
2018/03/12,291
2018/03/13,980
2018/03/14,1211
2018/03/15,1160
2018/03/16,957
2018/03/17,941
2018/03/18,0
2018/03/19,12
2018/03/20,1708
2018/03/21,1061
2018/03/22,1032
2018/03/23,1056
2018/03/24,1182
2018/03/25,709
2018/03/26,3
2018/03/27,1512
2018/03/28,1053
2018/03/29,807
2018/03/30,1155
2018/03/31,916
2018/04/01,747
2018/04/02,327
2018/04/03,838
2018/04/04,840
2018/04/05,967
2018/04/06,935
2018/04/07,1007
2018/04/08,364
2018/04/09,335
2018/04/10,736
2018/04/11,1703
2018/04/12,441
2018/04/13,1023
2018/04/14,930
2018/04/15,574
2018/04/16,349
2018/04/17,1040
2018/04/18,1224
2018/04/19,976
2018/04/20,999
2018/04/21,1031
2018/04/22,608
2018/04/23,8
2018/04/24,1225
2018/04/25,1696
2018/04/26,637
2018/04/27,1002
2018/04/28,968
2018/04/29,570
2018/04/30,20
2018/05/01,1144
2018/05/02,1160
2018/05/03,962
2018/05/04,1036
2018/05/05,941
2018/05/06,0
2018/05/07,2
2018/05/08,2375
2018/05/09,443
2018/05/10,928
2018/05/11,1103
2018/05/12,1077
2018/05/13,520
2018/05/14,328
2018/05/15,988
2018/05/16,1181
2018/05/17,1133
2018/05/18,975
2018/05/19,881
2018/05/20,516
2018/05/21,401
2018/05/22,1067
2018/05/23,1203
2018/05/24,858
2018/05/25,272
2018/05/26,1948
2018/05/27,1
2018/05/28,4
2018/05/29,2045
2018/05/30,3
2018/05/31,1375
2018/06/01,1369
2018/06/02,1219
2018/06/03,579
2018/06/04,378
2018/06/05,905
2018/06/06,1514
2018/06/07,764
2018/06/08,1212
2018/06/09,1036
2018/06/10,403
2018/06/11,319
2018/06/12,1029
2018/06/13,1090
2018/06/14,840
2018/06/15,1020
2018/06/16,953
2018/06/17,459
2018/06/18,320
2018/06/19,927
2018/06/20,1270
2018/06/21,1038
2018/06/22,1053
2018/06/23,1014
2018/06/24,546
2018/06/25,310
2018/06/26,897
2018/06/27,1129
2018/06/28,1204
2018/06/29,1079
2018/06/30,1067
2018/07/01,653
2018/07/02,203
2018/07/03,916
2018/07/04,928
2018/07/05,829
2018/07/06,721
2018/07/07,1034
2018/07/08,417
2018/07/09,5
2018/07/10,1307
2018/07/11,1127
2018/07/12,1098
2018/07/13,974
2018/07/14,929
2018/07/15,523
2018/07/16,13
2018/07/17,1010
2018/07/18,1352
2018/07/19,1201
2018/07/20,936
2018/07/21,1
2018/07/22,1555
2018/07/23,309
2018/07/24,981
2018/07/25,1128
2018/07/26,1032
2018/07/27,879
2018/07/28,1219
2018/07/29,535
2018/07/30,348
2018/07/31,985
2018/08/01,1084
2018/08/02,959
2018/08/03,946
2018/08/04,992
2018/08/05,485
2018/08/06,312
2018/08/07,764
2018/08/08,1256
2018/08/09,687
2018/08/10,781
2018/08/11,1064
2018/08/12,480
2018/08/13,5
2018/08/14,1225
2018/08/15,1182
2018/08/16,701
2018/08/17,925
2018/08/18,1055
2018/08/19,507
2018/08/20,241
2018/08/21,1111
2018/08/22,1163
2018/08/23,883
2018/08/24,1013
2018/08/25,857
2018/08/26,580
2018/08/27,283
2018/08/28,894
2018/08/29,1136
2018/08/30,969
2018/08/31,1221
2018/09/01,1153
2018/09/02,575
2018/09/03,319
2018/09/04,829
2018/09/05,905
2018/09/06,1056
2018/09/07,1143
2018/09/08,890
2018/09/09,488
2018/09/10,367
2018/09/11,797
2018/09/12,1360
2018/09/13,762
2018/09/14,1108
2018/09/15,1033
2018/09/16,577
2018/09/17,347
2018/09/18,757
2018/09/19,1007
2018/09/20,840
2018/09/21,1130
2018/09/22,1406
2018/09/23,551
2018/09/24,409
2018/09/25,1024
2018/09/26,7
2018/09/27,2155
2018/09/28,1111
2018/09/29,918
2018/09/30,615
2018/10/01,495
2018/10/02,2
2018/10/03,2216
2018/10/04,948
2018/10/05,1067
2018/10/06,984
2018/10/07,456
2018/10/08,309
2018/10/09,905
2018/10/10,1010
2018/10/11,5
2018/10/12,1989
2018/10/13,1012
2018/10/14,638
2018/10/15,437
2018/10/16,1105
2018/10/17,1252
2018/10/18,842
2018/10/19,3
2018/10/20,2017
2018/10/21,630
2018/10/22,370
2018/10/23,998
2018/10/24,1154
2018/10/25,2
2018/10/26,2078
2018/10/27,1482
2018/10/28,543
2018/10/29,200
2018/10/30,921
2018/10/31,985
2018/11/01,1001
2018/11/02,902
2018/11/03,0
2018/11/04,0
2018/11/05,6
2018/11/06,3021
2018/11/07,826
2018/11/08,1014
2018/11/09,1102
2018/11/10,1079
2018/11/11,482
2018/11/12,279
2018/11/13,1038
2018/11/14,1066
2018/11/15,1081
2018/11/16,1185
2018/11/17,1
2018/11/18,1721
2018/11/19,422
2018/11/20,1104
2018/11/21,1178
2018/11/22,1073
2018/11/23,782
2018/11/24,816
2018/11/25,489
2018/11/26,352
2018/11/27,1080
2018/11/28,1180
2018/11/29,4
2018/11/30,2267
2018/12/01,1158
2018/12/02,0
2018/12/03,6
2018/12/04,4
2018/12/05,1126
2018/12/06,1211
2018/12/07,2959
2018/12/08,2
2018/12/09,0
2018/12/10,12
2018/12/11,3
2018/12/12,3136
2018/12/13,928
2018/12/14,2364
2018/12/15,758
2018/12/16,527
2018/12/17,358
2018/12/18,909
2018/12/19,1421
2018/12/20,1107
2018/12/21,1496
2018/12/22,2
2018/12/23,0
2018/12/24,2212
2018/12/25,8
2018/12/26,1228
2018/12/27,464
2018/12/28,1225
2018/12/29,588
2018/12/30,329
2018/12/31,271
2019/01/01,1399
2019/01/02,400
2019/01/03,531
2019/01/04,831
2019/01/05,935
2019/01/06,412
2019/01/07,351
2019/01/08,904
2019/01/09,1342
2019/01/10,1172
2019/01/11,1125
2019/01/12,1053
2019/01/13,495
2019/01/14,80
2019/01/15,1373
2019/01/16,1172
2019/01/17,1008
2019/01/18,960
2019/01/19,1054
2019/01/20,523
2019/01/21,346
2019/01/22,1030
2019/01/23,1008
2019/01/24,1464
2019/01/25,894
2019/01/26,1
2019/01/27,1862
2019/01/28,320
2019/01/29,1290
2019/01/30,1072
2019/01/31,891
2019/02/01,1270
2019/02/02,1170
2019/02/03,519
2019/02/04,422
2019/02/05,1044
2019/02/06,1278
2019/02/07,968
2019/02/08,1032
2019/02/09,964
2019/02/10,561
2019/02/11,309
2019/02/12,990
2019/02/13,1469
2019/02/14,913
2019/02/15,1172
2019/02/16,1161
2019/02/17,552
2019/02/18,351
2019/02/19,1011
2019/02/20,1060
2019/02/21,1125
2019/02/22,5
2019/02/23,2105
2019/02/24,509
2019/02/25,377
2019/02/26,1868
2019/02/27,470
2019/02/28,1074
2019/03/01,1577
2019/03/02,1100
2019/03/03,623
2019/03/04,380
2019/03/05,1154
2019/03/06,1125
2019/03/07,1032
2019/03/08,1058
2019/03/09,1093
2019/03/10,523
2019/03/11,351
2019/03/12,949
2019/03/13,1114
2019/03/14,1136
2019/03/15,1288
2019/03/16,1163
2019/03/17,547
2019/03/18,368
2019/03/19,1429
2019/03/20,1355
2019/03/21,1061
2019/03/22,982
2019/03/23,1088
2019/03/24,1
2019/03/25,1449
2019/03/26,566
2019/03/27,1120
2019/03/28,919
2019/03/29,1155
2019/03/30,1019
2019/03/31,551
2019/04/01,564
2019/04/02,1060
2019/04/03,1357
2019/04/04,1092
2019/04/05,1016
2019/04/06,1201
2019/04/07,530
2019/04/08,362
2019/04/09,1045
2019/04/10,1206
2019/04/11,912
2019/04/12,1000
2019/04/13,1027
2019/04/14,579
2019/04/15,326
2019/04/16,1208
2019/04/17,1134
2019/04/18,1025
2019/04/19,866
2019/04/20,982
2019/04/21,459
2019/04/22,346
2019/04/23,870
2019/04/24,862
2019/04/25,1254
2019/04/26,1120
2019/04/27,1092
2019/04/28,614
2019/04/29,375
2019/04/30,1282
2019/05/01,1144
2019/05/02,651
2019/05/03,1858
2019/05/04,26
2019/05/05,1
2019/05/06,1415
2019/05/07,774
2019/05/08,1132
2019/05/09,889
2019/05/10,977
2019/05/11,974
2019/05/12,706
2019/05/13,376
2019/05/14,677
2019/05/15,475
2019/05/16,2005
2019/05/17,1285
2019/05/18,1170
2019/05/19,643
2019/05/20,397
2019/05/21,1144
2019/05/22,1138
2019/05/23,1118
2019/05/24,1158
2019/05/25,2
2019/05/26,0
2019/05/27,2
2019/05/28,3642
2019/05/29,511
2019/05/30,1254
2019/05/31,1766
2019/06/01,656
2019/06/02,3
2019/06/03,3
2019/06/04,1927
2019/06/05,1145
2019/06/06,887
2019/06/07,1492
2019/06/08,425
2019/06/09,600
2019/06/10,431
2019/06/11,1070
2019/06/12,989
2019/06/13,920
2019/06/14,1554
2019/06/15,1217
2019/06/16,490
2019/06/17,388
2019/06/18,1109
2019/06/19,1281
2019/06/20,1140
2019/06/21,1182
2019/06/22,1102
2019/06/23,614
2019/06/24,389
2019/06/25,980
2019/06/26,4
2019/06/27,2245
2019/06/28,1208
2019/06/29,1
2019/06/30,1729
2019/07/01,470
2019/07/02,1255
2019/07/03,1149
2019/07/04,878
2019/07/05,742
2019/07/06,1349
2019/07/07,643
2019/07/08,346
2019/07/09,5
2019/07/10,2120
2019/07/11,870
2019/07/12,1053
2019/07/13,1055
2019/07/14,591
2019/07/15,6
2019/07/16,1429
2019/07/17,1121
2019/07/18,1036
2019/07/19,1184
2019/07/20,1210
2019/07/21,4
2019/07/22,1004
2019/07/23,836
2019/07/24,3
2019/07/25,2536
2019/07/26,1167
2019/07/27,2
2019/07/28,1742
2019/07/29,336
2019/07/30,1290
2019/07/31,1265
2019/08/01,1139
2019/08/02,1052
2019/08/03,1083
2019/08/04,601
2019/08/05,346
2019/08/06,1047
2019/08/07,1286
2019/08/08,899
2019/08/09,1083
2019/08/10,1087
2019/08/11,565
2019/08/12,323
2019/08/13,4
2019/08/14,1797
2019/08/15,934
2019/08/16,929
2019/08/17,958
2019/08/18,0
2019/08/19,8
2019/08/20,1693
2019/08/21,1266
2019/08/22,6
2019/08/23,1722
2019/08/24,1384
2019/08/25,674
2019/08/26,335
2019/08/27,957
2019/08/28,1155
2019/08/29,996
2019/08/30,1064
2019/08/31,1091
2019/09/01,660
2019/09/02,411
2019/09/03,751
2019/09/04,934
2019/09/05,1052
2019/09/06,1002
2019/09/07,982
2019/09/08,518
2019/09/09,384
2019/09/10,1191
2019/09/11,1538
2019/09/12,910
2019/09/13,1001
2019/09/14,1211
2019/09/15,543
2019/09/16,448
2019/09/17,885
2019/09/18,7
2019/09/19,1882
2019/09/20,993
2019/09/21,816
2019/09/22,542
2019/09/23,251
2019/09/24,889
2019/09/25,1077
2019/09/26,892
2019/09/27,984
2019/09/28,1
2019/09/29,1511
2019/09/30,284
2019/10/01,1488
2019/10/02,1390
2019/10/03,821
2019/10/04,831
2019/10/05,1052
2019/10/06,335
2019/10/07,313
2019/10/08,642
2019/10/09,1446
2019/10/10,375
2019/10/11,972
2019/10/12,923
2019/10/13,457
2019/10/14,306
2019/10/15,1009
2019/10/16,995
2019/10/17,1160
2019/10/18,1107
2019/10/19,1094
2019/10/20,485
2019/10/21,355
2019/10/22,1186
2019/10/23,1269
2019/10/24,1051
2019/10/25,4
2019/10/26,2
2019/10/27,0
2019/10/28,3361
2019/10/29,275
2019/10/30,888
2019/10/31,1056
2019/11/01,78
2019/11/02,2512
2019/11/03,1
2019/11/04,3
2019/11/05,2088
2019/11/06,11
2019/11/07,3491
2019/11/08,467
2019/11/09,1188
2019/11/10,0
2019/11/11,1305
2019/11/12,886
2019/11/13,1207
2019/11/14,1296
2019/11/15,981
2019/11/16,1340
2019/11/17,628
2019/11/18,415
2019/11/19,1222
2019/11/20,1158
2019/11/21,931
2019/11/22,1066
2019/11/23,1299
2019/11/24,701
2019/11/25,401
2019/11/26,1273
2019/11/27,1295
2019/11/28,1132
2019/11/29,13
2019/11/30,2284
2019/12/01,714
2019/12/02,359
2019/12/03,5
2019/12/04,2051
2019/12/05,1672
2019/12/06,1231
2019/12/07,1124
2019/12/08,541
2019/12/09,10
2019/12/10,1268
2019/12/11,1348
2019/12/12,1150
2019/12/13,1123
2019/12/14,1210
2019/12/15,656
2019/12/16,336
2019/12/17,913
2019/12/18,1303
2019/12/19,1387
2019/12/20,1101
2019/12/21,1191
2019/12/22,860
2019/12/23,363
2019/12/24,1068
2019/12/25,1063
2019/12/26,330
2019/12/27,576
2019/12/28,904
2019/12/29,537
2019/12/30,2
2019/12/31,1206
